Application,Machine Clears,Ucode_Assist,Execution Bound,Int Divider,Decode,Retiring,Arith Ops,Stores,L2 Bound,Pre-Decode Wrong,TPause,Serializing Operations,Efficient-core (E-core),L1 Bound,IFetch Bandwidth,Loads,Front-End Bound,IFetch Latency,Branch Resteers,Info Metrics,ITLB Misses,Back-End Bound,Allocation Bound,Core Bound,Memory Bound,BACLEARS,Load Bound,Store Bound,Mem Ops,ICache Misses,Bad Speculation,Machine_Restart,Cisc,L3 Bound,Pause,Stores Bound,FP Divide,Branch Mispredict,L2 Miss,RB Bound,Allocation Restriction,Front-End Other,Non Divider,Memory Subsystem Bound
astar,0.0,0.0,0.0,0.0,19.8,15.8,7.4,1.5,1.8,0.0,0.0,0.0,0.0,0.0,25.3,7.1,27.9,2.6,2.0,0.0,0.1,1.9,0.0,0.0,0.1,0.1,0.045716,0.0,8.4,0.3,54.4,0.0,0.4,0.1,0.0,0.00039,0.0,55.3,0.2,0.0,0.0,5.2,7.4,1.9
blender_r,0.0,0.1,7.3,0.0,7.9,35.7,22.9,2.3,6.6,0.0,0.0,1.5,0.0,1.0,10.4,10.7,11.6,1.2,0.5,0.0,0.1,21.3,0.5,10.8,2.2,0.2,0.115656,0.5,12.9,0.5,31.3,0.0,0.8,1.8,0.4,0.004521,0.1,33.9,4.0,0.0,0.5,1.6,22.8,10.6
bwaves,2.0,0.0,12.3,0.1,2.3,42.4,22.8,5.1,9.4,0.1,0.0,7.2,0.0,0.4,6.5,18.9,10.3,3.8,0.8,0.0,0.3,39.1,0.3,26.8,2.3,0.8,0.127871,6.6,19.6,1.4,8.1,0.0,2.9,0.3,2.0,0.065756,0.2,6.1,2.6,0.0,0.3,1.0,22.5,12.4
bzip2,0.0,0.0,8.5,0.0,11.9,31.8,14.6,5.7,5.6,0.0,0.0,1.3,0.0,0.5,13.9,14.1,14.8,0.9,0.5,0.0,0.1,19.5,0.6,13.5,0.2,0.1,0.065145,2.6,17.2,0.1,33.9,0.2,0.4,0.1,0.5,0.026067,0.0,34.4,0.3,0.0,0.6,1.8,14.6,6.0
cactuBSSN_r,0.0,0.0,19.7,0.0,2.2,32.0,16.3,3.4,12.8,0.0,0.0,2.4,0.0,0.3,4.3,13.8,7.3,3.0,0.2,0.0,0.3,57.3,0.2,36.3,6.7,0.9,0.213305,13.6,15.7,1.4,3.5,0.0,1.0,1.2,0.9,0.136162,0.0,4.4,8.0,0.1,0.2,0.7,16.3,21.0
cactusADM,2.1,3.4,22.7,0.0,1.8,22.1,10.5,3.3,1.5,0.0,0.0,31.6,0.0,1.6,9.3,9.3,11.6,2.3,0.6,0.0,0.1,62.0,0.8,59.9,0.3,0.9,0.037033,3.2,11.6,0.6,4.3,0.0,6.8,0.3,19.6,0.032259,0.0,2.2,0.6,0.0,0.8,1.0,10.5,2.1
calculix,0.2,0.1,52.3,0.0,1.0,34.6,19.9,4.8,1.0,0.0,0.0,2.3,0.0,0.2,3.1,11.7,3.9,0.9,0.3,0.0,0.1,56.6,0.4,55.3,0.1,0.3,0.014737,0.1,14.6,0.3,4.9,0.0,1.3,0.1,1.1,0.00069,0.0,4.7,0.3,0.0,0.4,0.5,19.9,1.3
dealII,1.9,0.0,6.6,0.0,8.0,48.6,27.6,6.8,4.2,0.1,0.0,3.3,0.0,0.9,10.9,16.1,15.6,4.8,0.8,0.0,0.6,21.3,1.4,15.2,1.3,1.0,0.070633,2.9,21.0,2.0,14.5,0.0,1.5,0.7,0.9,0.029235,0.0,12.5,2.0,0.0,1.4,2.8,27.6,6.1
deepsjeng_r,0.0,0.0,0.0,0.0,11.4,40.5,26.3,4.8,2.2,0.0,0.0,1.6,0.0,2.1,15.6,9.9,17.2,1.7,0.9,0.0,0.1,12.6,1.4,5.3,4.9,0.2,0.093937,0.2,14.3,0.4,29.6,0.3,1.6,0.3,0.8,0.001908,0.0,31.4,5.1,0.0,1.4,2.4,26.2,7.3
gamess,0.0,0.0,21.1,0.0,2.3,54.6,26.9,6.6,2.1,0.0,0.0,6.5,0.0,0.1,7.2,25.6,8.3,1.1,0.7,0.0,0.1,33.7,0.3,31.4,0.0,0.2,0.02394,3.3,27.7,0.2,3.4,0.0,3.8,0.1,0.7,0.033278,0.0,4.2,0.1,0.0,0.3,1.0,26.8,2.3
gcc,0.0,0.1,7.4,0.0,10.9,54.4,35.9,7.4,7.5,1.0,0.0,11.4,0.0,2.3,26.9,13.9,41.1,14.2,0.7,0.0,0.9,34.1,0.8,22.6,2.5,4.9,0.137831,0.8,18.5,7.1,0.0,0.0,7.6,1.8,2.2,0.007788,0.0,38.3,4.3,0.0,0.8,4.4,35.9,11.5
GemsFDTD,0.0,0.1,14.4,0.0,2.1,42.6,22.1,4.9,10.6,0.0,0.0,4.9,0.0,0.7,4.9,19.5,7.5,2.7,0.4,0.0,0.2,48.7,0.2,21.5,16.1,0.4,0.279283,1.2,20.5,1.1,1.2,0.0,2.2,0.9,0.8,0.01181,0.0,5.0,16.9,0.0,0.2,1.1,22.1,27.2
gobmk,0.0,0.0,2.1,0.0,13.2,31.1,17.3,5.0,2.5,0.2,0.0,1.0,0.0,0.3,19.0,9.8,21.8,2.9,1.1,0.0,0.1,7.9,1.0,4.8,0.1,0.6,0.034744,0.4,13.9,1.0,39.1,0.6,2.8,0.5,0.3,0.003669,0.0,40.2,0.6,0.0,1.0,2.7,17.3,3.1
gromacs,0.0,0.1,45.4,0.0,3.0,32.6,18.0,5.0,3.4,0.1,0.0,2.8,0.0,0.2,6.0,10.4,8.9,2.9,0.2,0.0,0.3,53.2,0.3,49.3,0.2,0.7,0.040397,0.7,14.7,1.3,5.3,0.0,2.7,0.3,0.6,0.007008,0.6,9.5,0.4,0.0,0.3,0.7,17.4,3.8
h264ref,0.0,0.0,8.9,0.1,7.2,54.4,26.3,9.4,3.4,0.0,0.0,2.6,0.0,0.6,15.5,23.3,16.3,0.8,0.1,0.0,0.1,20.5,1.0,16.8,0.1,0.2,0.042754,3.8,28.1,0.3,8.8,0.3,8.1,0.2,1.6,0.038076,0.0,10.8,0.3,0.0,1.0,0.5,26.2,3.7
hmmer,0.0,0.0,2.1,0.0,14.0,32.5,14.9,2.7,1.2,0.0,0.0,1.7,0.0,0.2,17.0,15.8,18.5,1.5,0.7,0.0,0.2,6.4,0.2,4.6,0.2,0.3,0.02025,0.4,17.6,0.5,42.6,0.0,1.3,0.2,0.4,0.003817,0.0,44.6,0.4,0.0,0.2,1.5,14.9,1.8
imagick_r,3.2,3.8,5.0,0.0,1.2,51.5,42.6,0.3,4.7,0.0,0.0,15.7,0.0,0.2,9.6,8.6,11.1,1.5,1.0,0.0,0.1,26.8,1.0,22.0,0.0,0.2,0.049546,0.1,8.9,0.3,10.7,0.0,6.9,0.1,2.6,0.00121,0.0,7.4,0.1,0.0,1.0,1.4,42.6,4.8
lbm,0.0,0.0,6.6,0.0,5.9,33.6,18.7,6.0,7.3,0.3,0.0,6.7,0.0,0.4,9.4,11.3,21.3,11.9,0.1,0.0,1.7,27.7,1.0,16.1,2.1,2.3,0.120693,1.4,14.9,7.5,17.4,0.1,2.8,2.0,1.5,0.014151,0.0,18.2,4.1,0.0,1.0,2.9,18.7,11.6
lbm_r,14.3,0.0,10.1,0.0,3.6,30.7,17.8,5.0,8.5,0.2,0.0,4.3,0.0,1.0,5.5,9.1,12.5,7.0,0.2,0.0,0.8,30.1,0.7,18.5,2.1,1.4,0.1264,2.4,12.8,4.1,26.8,0.4,1.7,0.6,1.1,0.024098,0.1,12.5,2.7,0.0,0.7,1.9,17.8,11.6
leela_r,0.0,0.0,1.1,0.2,15.1,32.0,21.7,3.0,2.8,0.0,0.0,1.0,0.0,0.6,19.7,7.7,22.1,2.4,1.5,0.0,0.1,8.9,2.4,5.7,0.2,0.4,0.037794,0.7,10.4,0.3,37.0,0.1,0.9,0.2,0.4,0.006844,0.0,40.3,0.3,0.0,2.4,3.7,21.4,3.2
leslie3d,0.0,0.0,16.9,0.0,1.5,47.7,22.9,6.4,8.8,0.0,0.0,2.9,0.0,0.6,3.6,22.4,5.8,2.2,0.0,0.0,0.2,40.1,0.2,29.3,1.6,0.5,0.11475,8.7,24.8,1.3,6.4,0.0,0.8,0.4,0.8,0.086639,0.5,8.2,2.0,0.0,0.2,0.7,22.4,10.8
libquantum,0.0,0.0,0.0,0.0,3.5,60.1,40.7,7.5,1.3,0.0,0.0,1.6,0.0,0.1,17.7,15.6,18.7,1.0,0.0,0.0,0.1,20.2,4.9,7.1,11.3,0.3,0.133129,0.4,19.3,0.6,1.0,0.0,13.8,0.6,0.4,0.005351,0.0,1.9,11.9,0.0,4.9,0.3,40.7,13.2
mcf,1.0,0.1,9.5,0.0,4.3,18.2,8.9,2.6,8.4,0.0,0.0,1.3,0.0,3.7,6.0,7.1,6.9,0.9,0.4,0.0,0.1,54.4,0.4,15.4,15.9,0.2,0.426549,0.6,9.3,0.3,20.5,0.0,0.4,14.7,0.9,0.005842,0.0,19.5,30.7,0.0,0.4,1.0,8.9,39.0
mcf_r,0.0,0.0,0.0,0.0,13.9,18.7,10.6,2.4,7.9,0.1,0.0,0.7,0.0,0.2,21.0,5.7,25.2,4.1,3.6,0.0,0.1,18.0,0.6,2.7,5.1,0.3,0.158842,1.2,8.0,0.2,38.2,0.0,0.6,2.2,0.4,0.036378,0.0,38.2,7.3,0.0,0.6,6.4,10.6,15.2
milc,0.0,0.1,4.7,0.0,4.2,32.0,22.4,3.5,5.4,0.1,0.0,4.4,0.0,1.9,7.6,7.1,13.9,6.3,0.2,0.0,0.7,45.6,0.7,13.7,26.0,1.7,0.338789,1.8,9.7,3.3,8.4,0.0,2.3,1.2,1.2,0.01834,0.0,12.5,27.2,0.0,0.7,2.1,22.4,31.9
nab_r,0.0,0.0,23.3,0.0,6.8,36.0,24.4,3.5,5.9,0.2,0.0,3.4,0.0,0.4,10.9,9.0,16.6,5.7,0.3,0.0,0.3,35.4,0.7,28.0,0.6,1.8,0.07822,0.1,11.6,2.9,12.1,0.0,2.1,1.2,0.7,0.001285,0.3,16.2,1.8,0.0,0.7,1.5,24.0,7.4
namd,0.0,0.0,43.8,0.0,1.8,36.1,21.9,3.2,4.2,0.0,0.0,1.4,0.0,0.2,4.9,11.2,6.0,1.1,0.1,0.0,0.2,50.4,0.2,45.7,0.2,0.3,0.049041,0.1,14.1,0.5,7.6,0.0,2.4,0.2,0.4,0.00071,0.0,11.6,0.4,0.0,0.2,0.5,21.9,4.7
namd_r,0.0,0.0,26.5,0.0,2.9,49.9,28.7,5.9,3.6,0.1,0.0,2.6,0.0,0.2,4.9,16.7,6.9,2.0,0.1,0.0,0.2,34.5,0.7,30.2,0.5,0.6,0.045091,0.2,21.2,1.1,8.7,0.0,1.0,0.3,0.5,0.00177,0.0,10.7,0.8,0.0,0.7,0.6,28.7,4.3
omnetpp,0.0,0.1,0.0,0.0,6.9,35.0,19.4,6.2,6.4,0.2,0.0,4.8,0.0,1.8,11.8,10.8,20.7,8.9,0.2,0.0,1.0,32.0,0.8,12.2,8.6,1.7,0.230521,4.7,15.5,4.7,12.3,0.3,5.7,5.4,1.5,0.080632,0.0,19.1,14.0,0.0,0.8,3.3,19.4,19.9
omnetpp_r,0.0,0.2,0.0,0.0,7.1,28.4,13.5,5.2,7.5,0.0,0.0,2.7,0.0,2.7,13.3,10.2,20.3,7.0,0.8,0.0,1.0,39.0,0.4,6.7,14.6,1.4,0.411712,0.9,14.9,2.8,12.3,0.0,1.8,10.3,1.0,0.028387,0.0,27.2,24.9,0.0,0.4,4.1,13.5,32.3
parest_r,0.0,0.1,29.2,0.0,4.6,35.4,22.1,1.8,6.7,0.0,0.0,1.8,0.0,0.2,7.4,11.8,9.6,2.2,0.4,0.0,0.3,40.4,0.4,31.7,0.8,0.5,0.089068,0.1,13.3,0.9,14.7,0.0,0.6,1.2,0.5,0.001349,0.0,19.1,2.0,0.0,0.4,1.2,22.1,8.8
perlbench,0.0,0.0,0.0,0.0,13.3,51.9,31.1,7.9,4.4,0.1,0.0,2.8,0.0,0.4,17.6,14.9,20.1,2.5,0.4,0.0,0.3,10.8,0.5,4.3,0.2,0.7,0.071506,0.6,20.9,1.2,17.2,0.3,2.3,1.9,2.0,0.009415,0.0,18.4,2.1,0.0,0.5,1.6,31.1,6.5
povray,0.0,0.0,0.0,0.0,8.6,46.9,31.4,6.0,7.3,0.3,0.0,8.1,0.0,2.0,18.0,11.0,27.9,9.9,0.2,0.0,1.2,21.7,0.8,11.9,0.4,2.4,0.126817,1.0,15.5,4.0,3.5,0.0,6.7,0.7,1.9,0.015115,0.0,21.1,1.1,0.0,0.8,3.0,31.4,9.8
povray_r,0.0,0.1,2.3,0.0,7.6,52.7,31.5,7.5,10.1,0.1,0.0,2.2,0.0,0.7,11.2,16.2,14.9,3.7,0.3,0.0,0.3,19.2,1.7,8.7,0.1,1.0,0.111252,1.9,21.2,1.6,13.2,0.1,2.7,0.7,0.7,0.018616,0.1,16.5,0.7,0.0,1.7,1.3,31.4,10.5
sjeng,0.0,0.0,0.0,0.0,11.5,37.7,22.4,5.5,1.7,0.0,0.0,2.2,0.0,0.2,18.7,10.8,21.0,2.3,1.3,0.0,0.1,9.0,0.2,2.7,4.1,0.4,0.075624,0.2,15.3,0.4,32.4,0.3,2.6,0.5,1.3,0.012338,0.0,34.4,4.6,0.0,0.2,4.7,22.3,6.3
soplex,0.0,0.1,0.0,0.0,5.6,29.7,18.5,3.2,8.0,0.0,0.0,1.8,0.0,0.1,22.1,8.8,23.3,1.2,0.2,0.0,0.1,18.4,0.1,2.3,0.8,0.2,0.172166,0.3,11.3,0.5,28.6,0.0,16.3,7.2,0.7,0.026809,0.0,30.6,8.1,0.0,0.1,0.6,18.4,16.0
sphinx3,0.6,0.0,7.4,0.0,5.8,32.6,18.5,2.8,5.6,0.1,0.0,11.5,0.0,0.9,14.1,12.1,17.5,3.4,0.3,0.0,0.5,30.6,0.6,20.8,0.6,0.8,0.106773,0.5,14.2,1.3,19.2,0.0,7.5,3.5,0.7,0.004795,0.0,18.6,4.2,0.0,0.6,1.5,18.5,9.8
tonto,0.0,0.5,11.0,0.0,3.4,40.2,23.3,4.8,2.1,0.0,0.0,18.0,0.0,0.7,14.5,13.8,17.7,3.2,1.4,0.0,0.2,34.7,0.7,32.5,0.0,0.9,0.029473,2.0,16.8,0.6,7.5,0.4,9.0,0.1,5.5,0.020266,0.1,7.7,0.2,0.0,0.7,2.3,23.3,2.2
wrf,0.0,0.1,18.2,0.0,2.7,40.8,26.0,4.2,2.1,0.0,0.0,14.9,0.0,0.2,13.1,12.5,15.5,2.4,1.4,0.0,0.2,38.7,0.3,35.8,0.7,0.4,0.032045,2.1,14.8,0.4,4.9,0.0,7.8,0.2,2.1,0.021012,0.2,5.9,0.8,0.0,0.3,2.5,25.7,3.0
x264_r,0.0,0.5,100.0,0.0,100.0,100.0,100.0,100.0,99.2,1.7,0.0,36.5,0.0,4.2,100.0,100.0,100.0,41.3,4.3,0.0,4.5,100.0,77.2,100.0,14.7,8.7,1.255121,24.9,100.0,23.8,0.0,1.5,21.3,5.7,8.6,0.249417,0.0,100.0,20.5,0.0,77.2,19.4,100.0,100.0
xalancbmk,0.8,0.0,0.5,0.0,7.7,47.0,27.0,6.9,9.2,0.1,0.0,1.7,0.0,2.9,9.9,15.0,12.1,2.2,0.2,0.0,0.5,34.8,1.2,7.0,0.9,0.4,0.307268,0.6,20.0,1.0,6.1,0.1,1.0,17.9,0.6,0.006026,0.0,5.3,18.8,0.0,1.2,1.1,27.0,27.8
xalancbmk_r,0.2,0.0,7.6,0.0,5.8,34.0,22.5,1.6,14.2,0.0,0.0,1.1,0.0,2.8,10.3,10.2,13.2,2.9,0.7,0.0,0.7,46.4,0.5,12.6,1.7,0.4,0.366301,0.5,11.5,1.1,6.4,0.0,1.3,18.0,0.5,0.005457,0.0,6.1,19.7,0.0,0.5,2.8,22.5,33.8
zeusmp,0.0,0.2,48.2,0.0,1.0,29.5,18.1,3.3,2.0,0.0,0.0,3.0,0.0,4.7,2.5,8.5,3.3,0.8,0.1,0.0,0.1,66.7,0.2,59.8,4.7,0.3,0.116464,3.7,11.4,0.4,0.5,0.0,1.1,0.2,1.9,0.037169,0.4,2.3,5.0,0.0,0.2,0.2,17.7,6.9
