Hierarchy Level	Metric Name	Metric Value
0	Elapsed Time	62.556824
1	Clockticks	3525000000
2	Performance-core (P-core)	2676000000
1	Instructions Retired	392694000000
2	Performance-core (P-core)	391254000000
1	CPI Rate	0.008976
2	Performance-core (P-core)	0.006840
1	Performance-core (P-core)	
2	Retiring	37.0
3	Light Operations	34.2
4	FP Arithmetic	6.8
5	FP x87	6.8
5	FP Scalar	0.0
5	FP Vector	0.0
6	128-bit FP Vector	0.0
6	256-bit FP Vector	0.0
4	Integer Operations	0.0
5	128-bit Integer Vector Operations	0.0
5	256-bit Vector Operations	0.0
4	Memory Operations	16.5
4	Fused Instructions	0.9
4	Non Fused Branches	1.8
4	Other	8.2
5	Nop Instructions	0.0
5	Shuffles_256b	0.0
3	Heavy Operations	2.8
4	Few Uops Instructions	2.6
4	Microcode Sequencer	0.2
5	Assists	0.0
6	Page Faults	0.0
6	FP Assists	0.0
6	AVX Assists	0.0
5	CISC	0.2
2	Front-End Bound	10.9
3	Front-End Latency	2.7
4	ICache Misses	0.5
5	Code L2 Hit	0.5
5	Code L2 Miss	0.0
4	ITLB Misses	0.0
5	Code STLB Hit	0.0
5	Code STLB Miss	0.0
6	Code STLB Miss 4K	0.0
6	Code STLB Miss 2M	0.0
4	Branch Resteers	1.7
5	Mispredicts Resteers	0.7
5	Clears Resteers	1.0
5	Unknown Branches	0.0
4	MS Switches	1.1
4	Length Changing Prefixes	0.0
4	DSB Switches	2.0
3	Front-End Bandwidth	8.1
4	Front-End Bandwidth MITE	0.2
5	Decoder-0 Alone	0.0
4	Front-End Bandwidth DSB	3.7
4	Front-End Bandwidth LSD	0.3
4	MS	0.3
4	(Info) DSB Coverage	57.2
4	(Info) LSD Coverage	2.0
4	(Info) DSB Misses	1.4
2	Bad Speculation	15.8
3	Branch Mispredict	6.4
4	Other Mispredicts	2.2
3	Machine Clears	9.4
4	Other Nukes	9.4
2	Back-End Bound	36.4
3	Memory Bound	5.2
4	L1 Bound	10.6
5	DTLB Overhead	2.6
6	Load STLB Hit	2.1
6	Load STLB Miss	0.5
7	Load STLB Miss 4K	0.0
7	Load STLB Miss 2M	0.0
7	Load STLB Miss 1G	0.0
5	Loads Blocked by Store Forwarding	0.3
5	L1 Latency Dependency	30.1
5	Lock Latency	0.0
5	Split Loads	0.0
5	FB Full	0.0
4	L2 Bound	0.8
5	L2 Hit Latency	2.0
4	L3 Bound	0.1
5	Contested Accesses	0.0
5	Data Sharing	0.0
5	L3 Latency	0.0
5	SQ Full	0.0
4	DRAM Bound	0.0
5	Memory Bandwidth	0.2
5	Memory Latency	1.2
4	Store Bound	0.1
5	Store Latency	0.2
5	False Sharing	0.0
5	Split Stores	0.0
5	Streaming Stores	0.0
5	DTLB Store Overhead	2.7
6	Store STLB Hit	2.7
6	Store STLB Miss	0.0
7	Store STLB Miss 4K	0.0
7	Store STLB Miss 2M	0.0
7	Store STLB Miss 1G	0.0
3	Core Bound	31.2
4	Divider	0.2
5	FP Divider	0.1
5	INT Divider	0.1
4	Serializing Operations	1.3
5	Slow Pause	0.0
5	C01 Wait	0.0
5	C02 Wait	0.0
5	Memory Fence	0.0
4	Port Utilization	30.3
5	Cycles of 0 Ports Utilized	0.0
6	Mixing Vectors	0.0
5	Cycles of 1 Port Utilized	20.4
5	Cycles of 2 Ports Utilized	14.9
5	Cycles of 3+ Ports Utilized	49.7
6	ALU Operation Utilization	25.7
7	Port 0	46.9
7	Port 1	13.3
7	Port 6	27.3
6	Load Operation Utilization	26.9
6	Store Operation Utilization	17.0
5	Vector Capacity Usage (FPU)	6.2
1	Efficient-core (E-core)	
2	Retiring	37.4
3	Arith Ops	24.5
4	Non Divider	24.5
4	FP Divide	0.0
4	Int Divider	0.0
3	Mem Ops	12.9
4	Loads	9.0
4	Stores	4.7
2	Front-End Bound	21.1
3	IFetch Latency	8.4
4	ICache Misses	3.8
4	ITLB Misses	0.8
4	BACLEARS	2.3
4	Branch Resteers	0.1
3	IFetch Bandwidth	12.7
4	Cisc	2.1
4	Decode	7.1
4	Pre-Decode Wrong	0.0
4	Front-End Other	3.3
2	Bad Speculation	18.6
3	Branch Mispredict	17.5
3	Machine Clears	1.2
4	Ucode_Assist	0.2
4	Machine_Restart	0.2
2	Back-End Bound	22.8
3	Memory Subsystem Bound	10.9
4	L2 Bound	8.9
4	L2 Miss	3.4
5	L3 Bound	0.9
5	Memory Bound	2.6
3	Core Bound	12.0
4	Serializing Operations	5.1
5	Pause	1.4
5	TPause	0.0
4	L1 Bound	2.0
4	RB Bound	0.0
4	Store Bound	0.6
4	Execution Bound	3.6
4	Allocation Bound	0.6
5	Allocation Restriction	0.6
2	Info Metrics	
3	Stores Bound	0.005666
3	Load Bound	0.128682
1	Average CPU Frequency	1725176324.289216
1	Total Thread Count	77
1	Paused Time	0.0
0	Effective Physical Core Utilization	0.1% (0.027 out of 24)
1	Effective Logical Core Utilization	0.1% (0.033 out of 32)
0	Collection and Platform Info	
1	Application Command Line	sudo "bash" "/home/dmirvid/python-manager/scripts/launch.bash" "app.yaml" "--ini-rep" "0" "--max-rep" "1" 
1	Operating System	6.8.0-117-generic DISTRIB_ID=Ubuntu DISTRIB_RELEASE=22.04 DISTRIB_CODENAME=jammy DISTRIB_DESCRIPTION="Ubuntu 22.04.5 LTS"
1	Computer Name	ipman1
1	Result Size	69412171
1	Collection start time	07:26:27 12/06/2026 UTC
1	Collection stop time	07:27:30 12/06/2026 UTC
1	Collector Type	Driverless Perf system-wide sampling
1	CPU	
2	Name	Intel(R) microarchitecture code named Raptorlake-DT
2	Frequency	2995199746
2	Logical CPU Count	32
2	Cache Allocation Technology	
3	Level 2 capability	not detected
3	Level 3 capability	not detected
