politica,mezcla,run,app,ipc,nucleos,tiempo   //YA USADO PTIMERA EJECUCIÓN
0,0,1,gamess,3.5460446457261336,0,98.6
0,0,1,gobmk,1.5016585340396813,0,105.0
0,0,1,zeusmp,1.4880729069222973,0,108.2
0,0,1,mcf_r,0.8877054343063118,0,187.0
0,0,1,lbm,1.3675871100488808,0,181.8
0,0,1,lbmREPEAT,1.367337463690117,0,181.8
0,0,1,deepsjeng_r,1.9222487941160666,0,117.8
0,0,1,nab_r,1.5605923583943484,0,145.0
0,0,1,,3.5403402777537227,0,88.2
0,0,1,REPEAT,1.4927481155737592,691,282.2
0,0,2,gamess,3.542941234100653,0,98.6
0,0,2,gobmk,1.5020113755849624,0,105.0
0,0,2,zeusmp,1.476167399210413,0,109.2
0,0,2,mcf_r,0.8875677400266948,0,187.0
0,0,2,lbm,1.3675286418402486,0,181.8
0,0,2,lbmREPEAT,1.3673297947565666,0,181.8
0,0,2,deepsjeng_r,1.9229999925790109,0,117.6
0,0,2,nab_r,1.5622269561623219,0,144.8
0,0,2,,3.5381164939657612,0,88.2
0,0,2,REPEAT,1.4729088253658191,693,281.6
0,1,1,xalancbmk,1.8100973873635187,0,118.0
0,1,1,bzip2,1.7020443085972277,0,128.6
0,1,1,mcf_r,0.9173130744324172,0,181.0
0,1,1,hmmer,1.581317402351944,0,101.4
0,1,1,GemsFDTD,1.8420210646723298,0,195.2
0,1,1,tonto,1.5182995483707427,0,204.4
0,1,1,libquantum,2.8248850744433076,0,199.0
0,1,1,imagick_r,3.471838709814807,0,65.2
0,1,1,,1.817363843472459,1,139.0
0,1,1,REPEAT,1.8139342207722886,864,303.0
0,1,2,xalancbmk,1.8125415094275281,0,117.8
0,1,2,bzip2,1.7003315376965296,0,128.8
0,1,2,mcf_r,0.8874984007333109,0,187.0
0,1,2,hmmer,1.5808606992144663,0,101.6
0,1,2,GemsFDTD,1.8425164004646089,0,195.2
0,1,2,tonto,1.520970636223669,0,204.0
0,1,2,libquantum,2.825584910991986,0,199.0
0,1,2,imagick_r,3.3670241154179177,0,67.2
0,1,2,,1.8123300331060104,1,136.6
0,1,2,REPEAT,1.8070292516218245,862,294.4
0,2,1,gamess,3.5392447651051504,0,99.2
0,2,1,leslie3d,3.3627482945663663,0,101.8
0,2,1,milc,1.3531494273167477,0,91.8
0,2,1,lbm_r,2.2800633050752226,0,72.8
0,2,1,mcf,0.5037135285514208,0,288.8
0,2,1,sphinx3,1.4155242451647772,0,207.4
0,2,1,namd,1.5751951627726901,0,220.4
0,2,1,namdREPEAT,1.5761862219347036,0,220.2
0,2,1,,3.5334046202347387,0,215.8
0,2,1,REPEAT,2.0376973941100425,813,791.8
0,2,2,gamess,3.538616349389224,0,99.2
0,2,2,leslie3d,3.37057864606207,0,101.6
0,2,2,milc,1.146241662890689,0,108.4
0,2,2,lbm_r,2.2928508766456077,0,72.4
0,2,2,mcf,0.5203270870830338,0,279.6
0,2,2,sphinx3,1.4247872629614726,0,206.0
0,2,2,namd,1.5758917070194316,0,220.2
0,2,2,namdREPEAT,1.577361949336378,0,220.0
0,2,2,,3.5314831996986635,0,207.0
0,2,2,REPEAT,2.02856887532148,735,722.0
0,3,1,astar,1.2496829759504973,0,116.2
0,3,1,mcf_r,0.899140116234025,1,264.2
0,3,1,hmmer,1.5795494676363124,0,101.6
0,3,1,leela_r,1.5509425669253065,0,107.0
0,3,1,sjeng,1.6960074120326483,0,155.2
0,3,1,mcf_rREPEAT,0.8573142996529093,0,175.4
0,3,1,omnetpp_r,0.7876843591152071,0,287.4
0,3,1,nab_r,1.5577860519925835,0,145.2
0,3,1,,1.2024005920115475,0,185.6
0,3,1,REPEAT,1.5336214232096534,1421,761.0
0,3,2,astar,1.2545216588882304,0,115.6
0,3,2,mcf_r,0.9005858797021836,1,264.2
0,3,2,hmmer,1.580996083725482,0,101.6
0,3,2,leela_r,1.5532206944304656,0,106.8
0,3,2,sjeng,1.6933503122860236,0,155.4
0,3,2,mcf_rREPEAT,0.8580780330138216,0,175.0
0,3,2,omnetpp_r,0.7888584179978061,0,287.0
0,3,2,nab_r,1.5564345624202756,0,145.4
0,3,2,,1.2044754002408569,0,185.2
0,3,2,REPEAT,1.5325580595306532,1415,759.4
1,0,1,gamess,3.573794397623649,0,97.6
1,0,1,gobmk,1.4461017820676978,49,128.2
1,0,1,zeusmp,1.3072028621354075,35,152.6
1,0,1,mcf_r,0.7820696972844796,1,289.2
1,0,1,lbm,1.5272783214992776,21,145.4
1,0,1,lbmREPEAT,1.5430116484301195,9,122.2
1,0,1,deepsjeng_r,1.9081274955294572,4,86.6
1,0,1,nab_r,2.014609449003549,10,86.4
1,0,1,,3.576143664159108,0,202.6
1,0,1,REPEAT,1.8667089282944764,2467,1002.4
1,0,2,gamess,3.545111953801227,0,98.4
1,0,2,gobmk,1.4394604989134812,56,127.2
1,0,2,zeusmp,1.299664799084297,33,155.6
1,0,2,mcf_r,0.7756473964656869,1,291.4
1,0,2,lbm,1.5867139495784335,17,133.2
1,0,2,lbmREPEAT,1.6140379637897027,15,128.4
1,0,2,deepsjeng_r,1.9105458813158256,6,86.2
1,0,2,nab_r,2.0881346980828437,8,79.6
1,0,2,,3.5661375122612413,0,211.6
1,0,2,REPEAT,1.8767148675519456,2263,1019.2
1,1,1,xalancbmk,1.8545363899099157,5,139.0
1,1,1,bzip2,1.5404424403312507,73,159.4
1,1,1,mcf_r,0.8184156929376823,1,276.2
1,1,1,hmmer,1.5636752878332105,54,115.4
1,1,1,GemsFDTD,2.6376070792504547,8,103.6
1,1,1,tonto,1.6876207094609148,14,165.0
1,1,1,libquantum,3.7105484765033,2,110.8
1,1,1,imagick_r,4.5301070670321675,0,36.6
1,1,1,,1.4022058037729208,17,239.4
1,1,1,REPEAT,3.0471587349317644,2198,863.8
1,1,2,xalancbmk,1.8347789403317531,7,140.2
1,1,2,bzip2,1.5363285094967576,69,160.8
1,1,2,mcf_r,0.8228840610077545,1,274.8
1,1,2,hmmer,1.5616641153897877,54,115.6
1,1,2,GemsFDTD,2.613677953230066,14,104.4
1,1,2,tonto,1.6912744034260332,22,162.2
1,1,2,libquantum,3.702278921584885,2,111.0
1,1,2,imagick_r,4.527589767437429,0,36.6
1,1,2,,1.4010371960496195,21,238.0
1,1,2,REPEAT,3.0454384749206276,2230,854.4
1,2,1,gamess,3.537978225816999,0,98.6
1,2,1,leslie3d,3.3722429579862476,0,101.6
1,2,1,milc,1.0056319215467027,1,168.0
1,2,1,lbm_r,2.9678540067559647,0,56.0
1,2,1,mcf,0.5085158620013992,1,285.6
1,2,1,sphinx3,1.462819702202892,1,200.4
1,2,1,namd,1.7487371594826204,2,188.0
1,2,1,namdREPEAT,2.501040272667123,0,101.8
1,2,1,,3.5696380545621875,0,229.4
1,2,1,REPEAT,2.047952730930655,1262,855.0
1,2,2,gamess,3.5796385894050946,0,97.4
1,2,2,leslie3d,3.3691646932812427,0,101.6
1,2,2,milc,1.0055392819505713,1,168.0
1,2,2,lbm_r,2.974616195058517,0,55.8
1,2,2,mcf,0.5067827655033236,1,286.6
1,2,2,sphinx3,1.4646180393332213,1,200.0
1,2,2,namd,1.7490916043218878,2,187.8
1,2,2,namdREPEAT,2.5007413519543014,0,101.8
1,2,2,,3.5705476264980125,0,230.6
1,2,2,REPEAT,2.0485841753488536,1274,862.8
1,3,1,astar,1.1908456203496238,2,157.0
1,3,1,mcf_r,0.8237346448035527,1,274.4
1,3,1,hmmer,1.578424732671544,0,101.6
1,3,1,leela_r,1.547770337606596,2,107.0
1,3,1,sjeng,1.899489095737853,0,101.6
1,3,1,mcf_rREPEAT,0.8244236917470317,1,263.8
1,3,1,omnetpp_r,0.7384650340095481,1,305.8
1,3,1,nab_r,2.1123717152327686,0,78.6
1,3,1,,1.2603832926084924,1,227.0
1,3,1,REPEAT,1.5766668216455202,1442,829.2
1,3,2,astar,1.1840863458635091,2,157.8
1,3,2,mcf_r,0.8203455902515003,1,275.6
1,3,2,hmmer,1.5802415280914723,0,101.6
1,3,2,leela_r,1.5486464784115515,2,107.0
1,3,2,sjeng,1.8991671584869165,0,101.6
1,3,2,mcf_rREPEAT,0.820991242462735,1,264.2
1,3,2,omnetpp_r,0.7390895465184959,1,305.4
1,3,2,nab_r,2.111544018235196,0,78.6
1,3,2,,1.2597229637270901,1,226.6
1,3,2,REPEAT,1.5748969747343773,1418,824.4
2,0,1,gamess,2.705521691117807,1,175.6
2,0,1,gobmk,1.5192216428797387,123,87.0
2,0,1,zeusmp,1.565998103140863,229,69.6
2,0,1,mcf_r,0.9285610028065071,0,178.6
2,0,1,lbm,1.630499292001406,319,66.2
2,0,1,lbmREPEAT,1.6331833561701201,314,66.0
2,0,1,deepsjeng_r,1.9268148882537752,5,115.8
2,0,1,nab_r,1.861714509760328,233,57.2
2,0,1,,2.0349603716840114,247,121.2
2,0,1,REPEAT,1.6996729911923847,1443,491.2
2,0,2,gamess,2.7057273621033544,1,175.6
2,0,2,gobmk,1.5170588529831497,112,88.6
2,0,2,zeusmp,1.5445779711478198,227,71.8
2,0,2,mcf_r,0.9262998104553604,2,179.0
2,0,2,lbm,1.6377037225797557,312,66.4
2,0,2,lbmREPEAT,1.6319477781959983,318,65.8
2,0,2,deepsjeng_r,1.9159508616460337,13,114.4
2,0,2,nab_r,1.850927068598955,231,58.2
2,0,2,,2.032934168663054,238,120.6
2,0,2,REPEAT,1.69888926695975,1401,491.2
2,1,1,xalancbmk,2.421701975639154,199,64.8
2,1,1,bzip2,1.6634598146481385,165,112.8
2,1,1,mcf_r,0.9154821123671744,2,182.2
2,1,1,hmmer,1.5744007781167737,56,99.4
2,1,1,GemsFDTD,2.453273272544723,301,64.0
2,1,1,tonto,2.1962006160269785,198,83.2
2,1,1,libquantum,2.775132146766188,51,188.4
2,1,1,imagick_r,3.6296050456121494,1,62.0
2,1,1,,1.5590236189260247,15,126.2
2,1,1,REPEAT,2.0111469634616914,1382,523.8
2,1,2,xalancbmk,2.4030650860370564,195,66.8
2,1,2,bzip2,1.6469421806559708,165,113.8
2,1,2,mcf_r,0.9158375438332694,0,182.6
2,1,2,hmmer,1.5751506138728426,54,99.6
2,1,2,GemsFDTD,2.525790572591942,290,62.8
2,1,2,tonto,2.2659008002256003,186,81.6
2,1,2,libquantum,2.715364934037694,27,199.4
2,1,2,imagick_r,3.6264723557990104,1,62.0
2,1,2,,1.5289252761674197,23,137.2
2,1,2,REPEAT,1.9719343689668092,1586,589.0
2,2,1,gamess,2.6503080920244337,1,179.4
2,2,1,leslie3d,2.4374560537643757,7,189.4
2,2,1,milc,1.3525575146838844,12,90.2
2,2,1,lbm_r,2.467517203528581,194,38.8
2,2,1,mcf,0.940049432749082,27,110.0
2,2,1,sphinx3,1.7884607205735363,330,72.2
2,2,1,namd,2.121515313642659,346,69.4
2,2,1,namdREPEAT,2.1227362667782037,346,69.2
2,2,1,,2.6354001712698745,274,150.4
2,2,1,REPEAT,2.116918238200427,1616,545.8
2,2,2,gamess,2.6390607017609717,3,179.4
2,2,2,leslie3d,2.442935289884682,5,189.6
2,2,2,milc,1.3652006865559987,10,89.4
2,2,2,lbm_r,2.4843046487833007,193,38.6
2,2,2,mcf,0.940027905111253,28,109.8
2,2,2,sphinx3,1.7871427408745728,331,72.0
2,2,2,namd,2.120580609021522,345,69.4
2,2,2,namdREPEAT,2.125904791457124,344,69.2
2,2,2,,1.914222910412469,267,150.8
2,2,2,REPEAT,1.8257446916075044,1623,548.2
2,3,1,astar,1.1830843532293092,1,132.8
2,3,1,mcf_r,0.9396001061519397,0,176.6
2,3,1,hmmer,1.557722295620449,42,128.6
2,3,1,leela_r,1.504129169236832,55,128.6
2,3,1,sjeng,1.7575911623502072,3,149.0
2,3,1,mcf_rREPEAT,0.9403279061938796,2,176.2
2,3,1,omnetpp_r,1.0426770285866902,4,158.6
2,3,1,nab_r,1.61322956147432,44,127.8
2,3,1,,2.1740622237634817,10,48.6
2,3,1,REPEAT,1.2668165207223185,606,185.6
2,3,2,astar,1.145331545760129,1,138.4
2,3,2,mcf_r,0.9371857565851688,4,176.4
2,3,2,hmmer,1.566681678256306,47,126.6
2,3,2,leela_r,1.5075784000911772,57,127.8
2,3,2,sjeng,1.7624552790136783,3,148.6
2,3,2,mcf_rREPEAT,0.94083455110566,0,176.4
2,3,2,omnetpp_r,1.0541746678562771,4,157.0
2,3,2,nab_r,1.6107270795890505,47,127.4
2,3,2,,1.986442539269205,17,49.6
2,3,2,REPEAT,1.2739686682721238,608,182.6
3,0,1,gamess,3.177611670617432,208,85.2
3,0,1,gobmk,1.4784700685031094,204,82.6
3,0,1,zeusmp,1.4599328317432287,208,86.4
3,0,1,mcf_r,0.8688661561013502,378,145.4
3,0,1,lbm,1.6253120021830683,228,84.6
3,0,1,lbmREPEAT,1.6383520318076064,219,84.2
3,0,1,deepsjeng_r,1.89994621167228,169,67.2
3,0,1,nab_r,1.8816389930852782,165,69.0
3,0,1,,3.1673634933156087,187,78.0
3,0,1,REPEAT,1.705578893120714,1020,380.2
3,0,2,gamess,3.1712609568122994,220,83.8
3,0,2,gobmk,1.47196802395706,210,83.2
3,0,2,zeusmp,1.4579813535947679,218,84.4
3,0,2,mcf_r,0.8720297587324495,369,147.0
3,0,2,lbm,1.6287605555181799,222,85.2
3,0,2,lbmREPEAT,1.6338920201345413,224,84.0
3,0,2,deepsjeng_r,1.889102226639666,173,65.8
3,0,2,nab_r,1.8667291864559028,168,69.6
3,0,2,,3.16886694543807,208,81.0
3,0,2,REPEAT,1.6985964798461932,1061,391.6
3,1,1,xalancbmk,2.7174392963335148,148,61.6
3,1,1,bzip2,1.6096210774641437,263,103.8
3,1,1,mcf_r,0.8636749915503894,378,146.4
3,1,1,hmmer,1.570726913256841,199,78.2
3,1,1,GemsFDTD,2.3448746704880565,217,87.4
3,1,1,tonto,2.215277744710661,210,77.0
3,1,1,libquantum,3.345714952951336,236,94.2
3,1,1,imagick_r,4.232638170391446,75,30.4
3,1,1,,1.697883666455707,282,115.8
3,1,1,REPEAT,3.106777408859255,1039,376.0
3,1,2,xalancbmk,2.615208893949109,160,63.0
3,1,2,bzip2,1.5818382799174755,258,109.0
3,1,2,mcf_r,0.8654970594323643,366,149.8
3,1,2,hmmer,1.5700663436049593,204,78.0
3,1,2,GemsFDTD,2.3519444099866784,224,84.4
3,1,2,tonto,2.1848158059779665,208,78.6
3,1,2,libquantum,3.272810074348384,256,95.2
3,1,2,imagick_r,4.26524567881215,80,28.6
3,1,2,,1.653593479817046,318,121.0
3,1,2,REPEAT,2.2103434322085134,1101,390.4
3,2,1,gamess,3.164360358193169,220,83.2
3,2,1,leslie3d,2.9056169855948566,246,87.4
3,2,1,milc,1.2205243679502025,197,76.8
3,2,1,lbm_r,2.457170519209636,132,51.6
3,2,1,mcf,0.7478936893679426,278,109.2
3,2,1,sphinx3,1.7252353063665715,246,96.2
3,2,1,namd,2.092446693705213,250,94.8
3,2,1,namdREPEAT,2.0930513422471373,223,91.0
3,2,1,,3.1634277835248206,149,57.4
3,2,1,REPEAT,2.0945614331065685,343,125.6
3,2,2,gamess,3.1625370629014222,222,83.2
3,2,2,leslie3d,2.929554814048058,235,88.8
3,2,2,milc,1.2490165919753395,208,73.0
3,2,2,lbm_r,2.4650737455140916,128,52.4
3,2,2,mcf,0.7665150215445805,268,107.4
3,2,2,sphinx3,1.7518504057476818,247,92.8
3,2,2,namd,2.1108505102893758,234,92.8
3,2,2,namdREPEAT,2.110105514537505,238,92.0
3,2,2,,3.1612378695057113,132,54.8
3,2,2,REPEAT,2.101787681063159,339,121.6
3,3,1,astar,0.9416751916944689,299,117.4
3,3,1,mcf_r,0.8970049631285273,348,144.8
3,3,1,hmmer,1.5706058074976235,192,79.4
3,3,1,leela_r,1.5011835739901187,217,83.0
3,3,1,sjeng,1.8203716895768425,201,82.4
3,3,1,mcf_rREPEAT,0.8986865575870092,348,144.0
3,3,1,omnetpp_r,0.8892182728607467,360,145.2
3,3,1,nab_r,1.8814438548955066,164,68.8
3,3,1,,1.3025250826908945,195,76.2
3,3,1,REPEAT,1.5775365535648245,600,220.0
3,3,2,astar,0.9354304078301137,308,116.2
3,3,2,mcf_r,0.8909096759349643,361,144.4
3,3,2,hmmer,1.5716010262946514,195,78.8
3,3,2,leela_r,1.497602554494805,213,86.4
3,3,2,sjeng,1.818670086997673,200,83.2
3,3,2,mcf_rREPEAT,0.9063623543910795,348,140.6
3,3,2,omnetpp_r,0.8972401978253904,345,144.2
3,3,2,nab_r,1.8784731725301929,169,68.6
3,3,2,,1.3333733285293972,218,75.6
3,3,2,REPEAT,1.5515553025484585,611,216.8
