Application,Retiring,Light Operations,FP Arithmetic,FP x87,FP Scalar,FP Vector,128-bit FP Vector,256-bit FP Vector,Integer Operations,128-bit Integer Vector Operations,256-bit Vector Operations,Memory Operations,Fused Instructions,Non Fused Branches,Other,Nop Instructions,Shuffles_256b,Heavy Operations,Few Uops Instructions,Microcode Sequencer,Assists,Page Faults,FP Assists,AVX Assists,CISC,Front-End Bound,Front-End Latency,ICache Misses,Code L2 Hit,Code L2 Miss,ITLB Misses,Code STLB Hit,Code STLB Miss,Code STLB Miss 4K,Code STLB Miss 2M,Branch Resteers,Mispredicts Resteers,Clears Resteers,Unknown Branches,MS Switches,Length Changing Prefixes,DSB Switches,Front-End Bandwidth,Front-End Bandwidth MITE,Decoder-0 Alone,Front-End Bandwidth DSB,Front-End Bandwidth LSD,MS,(Info) DSB Coverage,(Info) LSD Coverage,(Info) DSB Misses,Bad Speculation,Branch Mispredict,Other Mispredicts,Machine Clears,Other Nukes,Back-End Bound,Memory Bound,L1 Bound,DTLB Overhead,Load STLB Hit,Load STLB Miss,Load STLB Miss 4K,Load STLB Miss 2M,Load STLB Miss 1G,Loads Blocked by Store Forwarding,L1 Latency Dependency,Lock Latency,Split Loads,FB Full,L2 Bound,L2 Hit Latency,L3 Bound,Contested Accesses,Data Sharing,L3 Latency,SQ Full,DRAM Bound,Memory Bandwidth,Memory Latency,Store Bound,Store Latency,False Sharing,Split Stores,Streaming Stores,DTLB Store Overhead,Store STLB Hit,Store STLB Miss,Store STLB Miss 4K,Store STLB Miss 2M,Store STLB Miss 1G,Core Bound,Divider,FP Divider,INT Divider,Serializing Operations,Slow Pause,C01 Wait,C02 Wait,Memory Fence,Port Utilization,Cycles of 0 Ports Utilized,Mixing Vectors,Cycles of 1 Port Utilized,Cycles of 2 Ports Utilized,Cycles of 3+ Ports Utilized,ALU Operation Utilization,Port 0,Port 1,Port 6,Load Operation Utilization,Store Operation Utilization,Vector Capacity Usage (FPU),Efficient-core (E-core)
astar,11.8,10.9,0.0,0.0,0.0,0.0,0.0,0.0,0.0,0.0,0.0,6.7,1.3,0.7,2.2,0.0,0.0,0.9,0.9,0.0,0.0,0.0,0.0,0.0,0.0,27.3,16.1,0.0,0.0,0.0,0.0,0.0,0.0,0.0,0.0,6.8,5.6,1.2,0.0,0.2,0.0,3.9,11.2,0.6,0.1,11.2,0.0,0.1,61.4,0.1,6.2,53.4,44.0,1.3,9.4,9.4,7.5,0.3,9.4,4.4,4.2,0.2,0.0,0.0,0.0,0.0,12.7,0.0,0.0,0.0,0.8,0.8,0.2,0.0,0.0,0.0,0.0,0.0,0.5,2.0,0.0,0.1,0.0,0.0,0.0,7.0,7.0,0.0,0.0,0.0,0.0,7.2,0.0,0.0,0.0,0.3,0.1,0.0,0.0,0.0,13.9,0.1,0.0,10.8,12.8,36.5,12.2,9.4,6.5,25.6,33.2,10.2,0.0,0.0
blender_r,34.4,33.6,18.5,0.0,18.5,0.0,0.0,0.0,0.0,0.0,0.0,13.1,2.4,4.2,0.0,0.2,0.0,0.8,0.7,0.1,0.0,0.0,0.0,0.0,0.1,8.6,4.6,0.2,0.1,0.1,0.1,0.1,0.0,0.0,0.0,3.0,2.9,0.1,0.0,0.9,0.0,1.2,4.0,0.6,0.1,10.0,0.0,0.3,64.6,1.3,1.3,38.9,37.4,4.4,1.4,1.4,18.1,5.9,5.9,14.5,13.0,1.4,1.4,0.0,0.0,0.0,26.2,0.0,0.0,0.3,1.0,100.0,2.8,0.0,0.0,55.8,0.1,1.8,5.5,3.7,0.2,0.4,0.0,0.0,0.0,0.6,0.5,0.1,0.1,0.0,0.0,12.2,3.6,2.1,1.5,0.6,0.0,0.0,0.0,0.0,17.9,0.1,0.0,8.7,13.9,54.3,32.5,36.6,27.5,45.0,38.4,10.0,6.6,0.0
bwaves,59.3,49.7,9.6,9.6,0.0,0.0,0.0,0.0,0.0,0.0,0.0,27.3,0.4,1.1,11.3,0.1,0.0,9.6,8.8,0.8,0.0,0.0,0.0,0.0,0.8,16.9,4.5,0.2,0.0,0.5,0.0,0.0,0.0,0.0,0.0,0.6,0.2,0.4,0.0,4.0,0.0,0.4,12.4,0.4,0.1,2.5,0.3,1.1,51.4,3.9,1.6,7.6,2.0,1.9,5.6,5.6,16.1,3.4,3.9,0.5,0.4,0.1,0.0,0.0,0.0,1.6,65.1,0.0,0.0,0.2,0.1,27.1,0.4,0.0,0.0,0.3,1.2,1.1,25.6,9.8,0.5,2.3,0.0,0.0,0.0,0.6,0.4,0.2,0.2,0.0,0.0,12.8,11.6,6.9,4.6,3.0,0.0,0.0,0.0,0.0,17.1,0.1,0.0,7.8,6.9,73.7,34.6,41.5,29.1,35.0,58.7,20.1,6.2,0.0
bzip2,29.5,26.2,0.0,0.0,0.0,0.0,0.0,0.0,0.0,0.0,0.0,16.2,2.3,1.4,6.4,0.0,0.0,3.3,3.2,0.1,0.0,0.0,0.0,0.0,0.1,12.7,6.8,0.1,0.0,0.3,0.0,0.0,0.0,0.0,0.0,4.0,3.4,0.5,0.1,0.5,0.0,1.3,6.0,0.3,0.0,7.5,0.0,0.2,55.7,6.6,1.7,39.5,34.3,1.4,5.2,0.9,18.3,5.8,8.0,4.9,4.7,0.2,0.0,0.0,0.0,0.0,30.6,0.0,0.0,0.2,0.8,13.6,1.2,0.0,0.0,1.0,0.1,0.1,0.9,3.6,2.5,2.3,0.0,0.0,0.0,5.1,5.0,0.1,0.1,0.0,0.0,12.5,0.0,0.0,0.0,0.7,0.0,0.0,0.0,0.0,13.6,0.2,0.0,7.5,9.3,55.1,19.6,18.8,13.5,34.9,44.0,25.4,0.0,0.0
cactuBSSN_r,41.2,37.7,55.3,0.0,55.3,0.0,0.0,0.0,0.0,0.0,0.0,21.9,0.6,0.7,0.0,0.1,0.0,3.5,3.4,0.1,0.0,0.0,0.0,0.0,0.1,9.7,5.1,1.4,0.9,0.5,0.3,0.3,0.0,0.0,0.0,2.4,2.0,0.4,0.0,0.5,0.0,0.8,4.6,7.3,0.0,2.3,0.0,0.2,26.3,2.0,4.2,1.7,1.4,0.0,0.3,0.3,47.4,18.3,2.7,35.1,34.4,0.8,0.8,0.0,0.0,0.0,35.1,0.0,0.0,3.2,5.4,29.0,0.8,0.0,0.0,0.2,2.8,1.4,10.3,11.9,8.2,11.5,0.0,0.0,0.3,11.5,11.2,0.3,0.3,0.0,0.0,29.1,0.9,0.6,0.4,1.0,0.0,0.0,0.0,0.0,19.8,0.2,0.0,9.9,10.7,62.8,26.9,44.1,46.8,9.1,43.3,14.9,12.5,0.0
cactusADM,17.7,13.7,4.1,4.1,0.0,0.0,0.0,0.0,0.0,0.0,0.0,8.4,0.1,0.2,0.9,0.0,0.0,3.9,1.5,2.5,0.0,0.0,0.0,0.0,2.5,27.2,17.4,0.3,0.1,0.2,0.0,0.0,0.0,0.0,0.0,3.7,1.2,2.5,0.0,17.3,0.0,0.3,9.9,3.1,1.0,1.0,0.0,4.9,37.9,0.8,3.6,18.3,5.9,5.9,12.4,12.4,36.8,2.1,2.8,7.1,7.0,0.1,0.0,0.0,0.0,1.4,19.8,0.0,0.0,0.0,0.1,1.6,0.4,0.0,0.0,0.0,0.0,0.1,2.5,3.4,0.7,0.7,0.0,0.0,0.0,1.3,1.2,0.1,0.1,0.0,0.0,34.8,0.3,0.2,0.1,19.1,0.0,0.0,0.0,0.0,16.7,3.5,0.0,10.0,11.5,26.5,14.4,25.1,5.0,10.7,19.9,9.4,6.2,0.0
calculix,37.0,34.2,6.8,6.8,0.0,0.0,0.0,0.0,0.0,0.0,0.0,16.5,0.9,1.8,8.2,0.0,0.0,2.8,2.6,0.2,0.0,0.0,0.0,0.0,0.2,10.9,2.7,0.5,0.5,0.0,0.0,0.0,0.0,0.0,0.0,1.7,0.7,1.0,0.0,1.1,0.0,2.0,8.1,0.2,0.0,3.7,0.3,0.3,57.2,2.0,1.4,15.8,6.4,2.2,9.4,9.4,36.4,5.2,10.6,2.6,2.1,0.5,0.0,0.0,0.0,0.3,30.1,0.0,0.0,0.0,0.8,2.0,0.1,0.0,0.0,0.0,0.0,0.0,0.2,1.2,0.1,0.2,0.0,0.0,0.0,2.7,2.7,0.0,0.0,0.0,0.0,31.2,0.2,0.1,0.1,1.3,0.0,0.0,0.0,0.0,30.3,0.0,0.0,20.4,14.9,49.7,25.7,46.9,13.3,27.3,26.9,17.0,6.2,0.0
dealII,48.2,44.8,2.7,2.7,0.0,0.0,0.0,0.0,0.0,0.0,0.0,23.4,2.2,3.3,13.2,0.0,0.0,3.4,3.2,0.2,0.0,0.0,0.0,0.0,0.2,15.6,7.9,0.6,0.5,0.0,0.0,0.0,0.0,0.0,0.0,2.6,1.2,1.3,0.0,0.9,0.0,2.9,7.8,0.8,0.1,5.6,0.6,0.3,48.8,8.1,4.1,23.4,11.2,1.0,12.2,1.5,12.7,2.1,8.5,3.8,3.2,0.6,0.6,0.0,0.0,8.0,43.6,0.0,0.0,0.2,1.0,9.4,0.3,0.0,0.0,0.7,0.1,0.4,3.3,1.7,0.5,0.4,0.0,0.0,0.0,3.0,2.9,0.1,0.0,0.0,0.0,10.6,0.7,0.3,0.5,1.0,0.0,0.0,0.0,0.0,20.4,0.1,0.0,9.4,10.7,63.9,24.5,26.4,17.5,38.6,40.5,24.5,6.2,0.0
deepsjeng_r,32.5,30.8,0.0,0.0,0.0,0.0,0.0,0.0,0.0,0.0,0.0,12.2,2.9,2.1,13.6,0.2,0.0,1.7,1.1,0.6,0.0,0.0,0.0,0.0,0.6,27.4,14.7,0.9,0.5,0.4,0.1,0.1,0.0,0.0,0.0,6.3,4.4,1.9,0.0,1.7,0.0,13.9,12.6,6.0,1.2,6.1,0.0,0.6,44.4,0.8,15.0,28.3,19.8,1.7,8.6,1.7,11.8,6.8,6.7,4.0,0.9,3.1,3.1,0.0,0.0,0.0,20.5,0.0,0.0,0.0,0.4,3.9,1.5,0.0,0.0,0.2,0.0,6.1,5.8,3.8,0.1,0.4,0.0,0.0,0.0,2.0,2.0,0.1,0.1,0.0,0.0,5.0,0.7,0.0,0.7,0.5,0.0,0.0,0.0,0.0,20.1,0.3,0.0,11.4,13.0,45.9,25.0,24.0,19.7,39.7,22.7,15.9,0.0,0.0
gamess,63.2,55.5,8.6,8.6,0.0,0.0,0.0,0.0,0.0,0.0,0.0,31.7,1.9,1.4,11.8,0.0,0.0,7.6,7.0,0.7,0.0,0.0,0.0,0.0,0.7,13.8,2.0,0.1,0.1,0.0,0.0,0.0,0.0,0.0,0.0,0.8,0.3,0.6,0.0,2.6,0.0,2.5,11.8,1.9,0.4,3.5,0.1,0.8,51.0,0.8,4.3,10.1,3.2,1.2,6.8,0.0,13.0,1.1,2.5,24.8,24.7,0.1,0.0,0.0,0.0,0.6,70.9,0.0,0.0,0.0,0.1,10.0,0.1,0.0,0.0,0.0,0.0,0.0,0.0,0.4,0.1,0.4,0.0,0.0,0.0,34.6,34.6,0.0,0.0,0.0,0.0,11.9,2.6,1.6,1.0,0.7,0.0,0.0,0.0,0.0,18.6,0.0,0.0,4.9,8.3,79.8,32.8,47.5,24.8,35.1,61.3,23.3,6.2,0.0
gcc,41.2,37.0,0.0,0.0,0.0,0.0,0.0,0.0,0.0,0.0,0.0,19.1,4.1,2.5,11.3,0.3,0.0,4.2,2.3,1.9,0.1,0.0,0.0,0.0,1.8,11.2,6.1,85.0,67.7,17.3,34.0,17.4,16.6,16.6,0.0,92.6,36.8,53.6,2.2,100.0,7.6,100.0,5.1,2.2,0.4,3.0,0.0,2.5,27.8,19.2,3.1,10.2,4.2,2.2,6.1,4.9,37.4,20.5,100.0,100.0,100.0,93.0,93.0,0.0,0.0,100.0,100.0,2.3,3.8,100.0,100.0,100.0,100.0,0.0,0.0,100.0,23.8,100.0,100.0,0.0,100.0,100.0,0.0,0.0,0.0,4.5,2.6,1.9,1.9,0.0,0.0,16.9,10.9,0.0,10.9,100.0,4.3,0.0,0.0,11.1,100.0,100.0,0.0,100.0,100.0,100.0,22.1,24.4,16.1,37.7,33.0,25.6,0.0,0.0
GemsFDTD,37.3,33.0,4.5,4.5,0.0,0.0,0.0,0.0,0.0,0.0,0.0,17.6,2.9,0.0,8.1,0.0,0.0,4.3,4.0,0.3,0.0,0.0,0.0,0.0,0.3,10.3,3.6,5.0,4.8,0.3,0.0,0.0,0.0,0.0,0.0,11.2,2.8,8.4,0.0,2.1,0.0,7.0,6.7,1.8,0.0,2.3,0.8,0.4,32.0,7.6,3.2,42.4,10.5,8.0,31.9,23.9,10.1,5.9,0.5,11.5,8.3,3.2,3.2,0.0,0.0,0.1,40.0,0.0,0.0,1.2,0.1,3.9,1.0,0.0,0.0,0.1,1.6,10.5,23.8,11.6,0.1,0.6,0.0,0.0,0.0,14.3,14.0,0.3,0.3,0.0,0.0,4.2,0.2,0.2,0.1,2.8,0.0,0.0,0.0,0.0,8.8,0.0,0.0,4.2,4.8,93.2,21.2,25.3,12.5,26.3,36.3,17.3,6.2,0.0
gobmk,25.3,23.3,0.0,0.0,0.0,0.0,0.0,0.0,0.0,0.0,0.0,12.0,2.6,1.5,7.1,0.1,0.0,2.1,1.8,0.3,0.0,0.0,0.0,0.0,0.3,26.8,16.7,8.6,8.5,0.1,0.5,0.4,0.1,0.0,0.0,31.7,23.6,7.5,0.6,7.4,0.0,42.5,10.1,5.5,0.9,5.2,0.0,0.6,43.4,2.2,12.9,38.4,29.2,1.9,9.2,0.0,9.4,1.8,35.5,6.7,5.7,1.0,1.0,0.0,0.0,0.0,75.0,0.0,0.0,0.6,2.7,0.3,1.4,0.0,0.0,0.1,0.0,0.0,3.9,8.2,1.9,4.4,0.0,0.0,0.0,8.8,8.7,0.1,0.0,0.0,0.0,7.6,1.4,0.0,1.4,2.1,1.0,0.0,0.0,0.0,68.8,5.4,0.0,41.8,43.1,100.0,18.0,17.0,11.5,33.5,29.7,19.5,6.2,0.0
gromacs,38.6,33.8,10.4,10.4,0.0,0.0,0.0,0.0,0.0,0.0,0.0,17.5,0.5,0.4,5.0,0.0,0.0,4.8,4.7,0.1,0.0,0.0,0.0,0.0,0.1,15.4,1.4,0.0,0.0,0.0,0.0,0.0,0.0,0.0,0.0,0.8,0.4,0.4,0.0,0.4,0.0,0.3,14.0,0.2,0.1,2.1,0.2,0.1,58.9,2.7,1.2,12.5,6.6,1.1,5.9,3.0,33.5,3.7,6.2,1.9,1.9,0.0,0.0,0.0,0.0,0.1,31.3,0.0,0.0,0.0,0.7,100.0,0.1,0.0,0.0,0.0,0.0,0.0,0.2,1.3,0.0,0.2,0.0,0.0,0.0,5.1,5.0,0.0,0.0,0.0,0.0,29.9,36.0,22.6,13.4,0.5,0.0,0.0,0.0,0.0,33.1,0.0,0.0,18.1,22.0,49.3,22.4,48.0,3.4,8.8,30.4,19.8,6.2,0.0
h264ref,50.5,44.6,0.0,0.0,0.0,0.0,0.0,0.0,0.0,0.0,0.0,28.4,1.8,1.4,13.0,0.0,0.0,5.9,2.3,3.6,0.0,0.0,0.0,0.0,3.6,15.2,10.3,0.3,0.1,0.2,0.0,0.0,0.0,0.0,0.0,1.6,1.0,0.7,0.0,7.6,0.1,2.8,5.0,2.0,0.5,3.6,0.0,3.5,45.9,3.4,3.4,12.9,7.6,3.7,5.3,0.6,21.4,4.4,7.7,1.6,1.5,0.1,0.1,0.0,0.0,0.0,54.3,0.0,0.9,0.0,0.2,15.8,0.2,0.0,0.0,0.9,0.0,0.0,0.7,2.1,0.2,1.3,0.0,0.1,0.0,4.6,4.6,0.0,0.0,0.0,0.0,17.0,1.3,0.0,1.3,3.3,0.0,0.0,0.0,0.0,14.8,0.2,0.0,5.9,7.2,67.1,25.9,24.4,22.3,36.7,50.8,27.7,6.2,0.0
hmmer,24.1,23.5,0.0,0.0,0.0,0.0,0.0,0.0,0.0,0.0,0.0,15.4,2.8,1.0,4.3,0.0,0.0,0.6,0.6,0.1,0.0,0.0,0.0,0.0,0.1,17.5,9.6,0.3,0.0,0.5,0.0,0.0,0.0,0.0,0.0,6.2,5.5,0.7,0.0,0.3,0.0,0.9,8.0,0.6,0.0,9.8,0.0,0.1,65.8,0.7,1.5,46.4,41.4,0.5,5.1,0.0,11.9,1.1,6.3,1.2,1.1,0.1,0.0,0.0,0.0,0.0,31.1,0.0,0.0,0.0,0.0,0.4,0.1,0.0,0.0,0.0,0.0,0.0,0.0,1.3,0.0,0.2,0.0,0.0,0.0,1.8,1.8,0.0,0.0,0.0,0.0,10.8,0.4,0.2,0.1,0.6,0.0,0.0,0.0,0.0,10.4,0.3,0.0,3.9,11.1,55.8,17.3,11.9,12.6,34.7,51.4,10.7,6.2,0.0
imagick_r,80.6,70.1,25.5,0.0,25.5,0.0,0.0,0.0,0.0,0.0,0.0,11.7,2.5,2.4,28.1,0.0,0.0,10.5,10.3,0.1,0.1,0.0,0.0,0.0,0.1,1.2,0.6,0.1,0.1,0.0,0.0,0.0,0.0,0.0,0.0,0.2,0.0,0.1,0.0,0.6,0.0,0.1,0.6,0.1,0.0,5.0,0.0,0.2,52.7,4.5,0.1,2.8,0.8,0.0,1.9,1.9,15.5,0.4,0.0,8.1,8.0,0.1,0.1,0.0,0.0,0.0,29.3,0.0,0.0,0.1,0.4,44.5,0.3,0.0,0.0,0.2,0.0,0.0,0.2,0.5,0.0,0.4,0.0,0.0,0.0,0.5,0.4,0.2,0.2,0.0,0.0,15.1,0.0,0.0,0.0,0.4,0.0,0.0,0.0,0.0,22.2,0.0,0.0,0.9,4.5,91.0,65.2,91.3,80.8,42.6,28.6,1.9,12.5,0.0
lbm,33.6,29.8,12.7,12.7,0.0,0.0,0.0,0.0,0.0,0.0,0.0,13.0,0.2,0.2,3.7,0.0,0.0,3.8,3.7,0.1,0.0,0.0,0.0,0.0,0.1,12.6,0.4,0.2,0.1,0.1,0.0,0.0,0.0,0.0,0.0,0.3,0.0,0.3,0.0,0.2,0.0,0.2,12.2,0.2,0.0,1.1,0.0,0.1,60.9,0.2,1.7,5.7,0.5,0.1,5.2,5.2,48.1,5.0,4.8,0.7,0.6,0.1,0.0,0.0,0.0,1.1,25.5,0.0,0.0,0.1,0.1,1.6,0.2,0.0,0.0,0.2,0.5,0.2,19.2,14.8,1.9,12.5,0.0,0.0,0.0,4.3,3.1,1.2,1.2,0.0,0.0,43.1,7.6,4.7,2.8,0.5,0.0,0.0,0.0,0.0,33.7,0.4,0.0,19.3,28.6,39.8,24.9,60.4,1.2,2.3,21.5,12.0,6.2,0.0
lbm_r,49.5,49.3,59.5,0.0,59.5,0.0,0.0,0.0,0.0,0.0,0.0,21.9,0.5,0.2,0.0,0.0,0.0,0.2,0.1,0.1,0.0,0.0,0.0,0.0,0.1,2.9,1.4,0.2,0.0,0.5,0.0,0.0,0.0,0.0,0.0,0.3,0.2,0.1,0.0,0.2,0.0,0.5,1.5,0.3,0.0,2.0,0.0,0.1,61.3,0.4,0.8,1.8,1.1,1.1,0.7,0.7,45.7,11.2,3.1,1.1,0.9,0.3,0.0,0.0,0.0,0.0,32.8,0.0,0.0,0.3,0.1,1.6,0.3,0.0,0.0,0.1,1.4,0.2,36.4,7.6,8.9,54.3,0.0,0.0,0.0,6.8,5.0,1.8,1.8,0.0,0.0,34.5,11.5,7.2,4.3,0.5,0.0,0.0,0.0,0.0,22.7,0.1,0.0,7.7,14.4,66.8,38.5,50.7,69.6,5.9,28.7,23.7,12.5,0.0
leela_r,25.2,22.9,0.0,0.0,0.0,0.0,0.0,0.0,0.0,0.0,0.0,8.1,2.2,1.7,11.0,0.1,0.0,2.3,2.1,0.2,0.0,0.0,0.0,0.0,0.2,24.3,14.8,0.2,0.2,0.0,0.0,0.0,0.0,0.0,0.0,6.4,5.2,1.2,0.1,0.6,0.1,7.2,9.5,1.8,0.4,9.0,0.0,0.2,58.0,1.2,8.9,41.8,34.1,2.3,7.7,1.9,8.7,1.1,9.8,1.1,1.1,0.1,0.0,0.0,0.0,0.0,15.3,0.0,0.0,0.0,0.5,41.5,0.1,0.0,0.0,0.5,0.0,0.0,0.1,0.2,0.2,0.4,0.0,0.0,0.0,1.1,1.1,0.0,0.0,0.0,0.0,7.6,4.2,0.0,4.2,0.2,0.0,0.0,0.0,0.0,20.1,0.4,0.0,12.7,14.0,41.5,24.2,21.6,19.3,39.8,21.6,11.3,6.2,0.0
leslie3d,56.7,50.8,8.6,8.6,0.0,0.0,0.0,0.0,0.0,0.0,0.0,31.1,2.3,0.1,8.7,0.0,0.0,5.8,5.7,0.1,0.0,0.0,0.0,0.0,0.1,19.1,5.9,0.2,0.0,1.1,0.0,0.0,0.0,0.0,0.0,1.6,1.1,0.5,0.0,0.3,0.0,1.6,13.2,1.1,0.2,3.1,1.3,0.1,41.6,14.4,5.0,4.8,3.3,2.8,1.5,0.5,19.5,3.8,2.6,2.9,2.4,0.6,0.6,0.0,0.0,0.1,66.4,0.0,0.0,0.4,0.2,8.3,0.6,0.0,0.0,0.2,0.8,0.9,22.2,13.1,0.9,5.4,0.0,0.0,0.0,2.9,2.5,0.4,0.4,0.0,0.0,15.7,21.9,13.2,8.7,0.7,0.0,0.0,0.0,0.0,12.5,0.0,0.0,4.3,6.3,78.1,34.0,40.2,26.5,34.6,57.8,24.3,6.2,0.0
libquantum,71.4,58.5,0.0,0.0,0.0,0.0,0.0,0.0,0.0,0.0,0.0,23.8,9.0,0.3,25.4,0.0,0.0,12.9,12.9,0.1,0.0,0.0,0.0,0.0,0.1,8.8,1.8,0.2,0.0,0.3,0.0,0.0,0.0,0.0,0.0,0.6,0.1,0.5,0.0,0.3,0.0,0.3,7.0,0.5,0.0,4.0,0.0,0.1,20.5,31.7,1.7,3.1,0.6,0.6,2.5,2.5,16.7,9.8,1.0,0.4,0.2,0.1,0.0,0.0,0.0,0.0,41.7,0.0,0.0,0.1,0.6,13.6,5.5,0.0,0.0,1.7,0.1,4.0,39.4,11.5,0.0,0.1,0.0,0.0,0.0,0.4,0.4,0.0,0.0,0.0,0.0,6.9,1.2,0.0,1.2,0.6,0.0,0.0,0.0,0.0,10.4,0.0,0.0,2.9,3.4,81.8,47.4,69.9,34.7,74.9,39.6,29.4,6.2,0.0
mcf,17.6,17.1,0.0,0.0,0.0,0.0,0.0,0.0,0.0,0.0,0.0,10.8,1.9,1.0,3.4,0.0,0.0,0.4,0.3,0.1,0.0,0.0,0.0,0.0,0.1,7.8,4.3,0.2,0.0,0.2,0.0,0.0,0.0,0.0,0.0,2.3,2.1,0.2,0.0,0.5,0.0,0.5,3.6,0.3,0.0,4.9,0.0,0.2,62.3,6.1,0.8,25.1,23.1,3.5,2.0,0.0,49.5,30.7,5.7,29.7,17.0,12.7,12.7,0.0,0.0,0.0,15.9,0.0,0.0,1.9,3.6,100.0,23.0,0.0,0.0,100.0,0.5,8.4,34.8,11.8,0.3,0.3,0.0,0.0,0.0,24.4,24.0,0.4,0.4,0.0,0.0,18.8,0.0,0.0,0.0,0.9,0.0,0.0,0.0,0.0,13.0,0.1,0.0,10.4,7.5,33.8,14.2,13.9,8.9,29.5,32.1,15.3,0.0,0.0
mcf_r,14.4,13.7,0.0,0.0,0.0,0.0,0.0,0.0,0.0,0.0,0.0,7.1,2.1,1.8,2.8,0.0,0.0,0.7,0.6,0.1,0.0,0.0,0.0,0.0,0.1,26.5,18.0,0.2,0.0,0.4,0.0,0.0,0.0,0.0,0.0,4.2,3.3,0.9,0.0,0.4,0.0,0.7,8.5,0.2,0.0,8.3,0.0,0.2,65.0,0.9,2.4,40.5,31.5,3.0,9.0,4.5,18.6,8.8,8.6,11.5,9.7,1.7,1.7,0.0,0.0,0.0,11.3,0.0,0.0,4.9,1.9,78.6,4.1,0.0,0.0,28.0,1.7,7.0,16.9,3.7,1.2,2.1,0.0,0.0,0.0,14.3,14.1,0.3,0.3,0.0,0.0,9.9,1.1,0.0,1.1,0.6,0.0,0.0,0.0,0.0,18.8,0.2,0.0,15.1,11.8,33.8,15.8,10.8,8.2,39.3,22.3,13.2,0.0,0.0
milc,23.7,21.3,5.9,5.9,0.0,0.0,0.0,0.0,0.0,0.0,0.0,7.9,0.9,0.6,6.0,0.1,0.0,2.4,1.8,0.6,0.0,0.0,0.0,0.0,0.6,8.8,1.5,0.5,0.1,0.4,0.1,0.1,0.1,0.0,0.0,0.2,0.0,0.1,0.0,1.7,0.0,0.8,7.3,0.5,0.1,1.2,0.0,0.9,58.6,1.8,1.6,7.9,1.0,0.8,6.9,6.9,59.6,44.2,2.4,5.9,3.6,2.3,2.3,0.0,0.0,0.4,11.2,0.0,0.3,2.2,0.5,16.1,5.2,0.0,0.0,6.4,2.7,37.5,42.3,8.1,1.7,10.2,0.0,0.1,0.0,4.3,2.8,1.6,1.6,0.0,0.0,15.3,0.1,0.0,0.1,2.3,0.0,0.0,0.0,0.0,17.1,0.1,0.0,12.5,12.5,20.2,15.7,28.8,5.4,13.5,12.6,8.3,6.2,0.0
nab_r,39.9,37.4,32.0,0.0,32.0,0.0,0.0,0.0,0.0,0.0,0.0,14.0,1.8,2.7,0.0,0.4,0.0,2.4,2.4,0.0,0.0,0.0,0.0,0.0,0.0,10.8,5.4,0.1,0.1,0.0,0.1,0.1,0.0,0.0,0.0,2.5,8.3,0.0,0.0,0.2,0.0,0.0,5.5,0.8,0.0,5.2,0.0,0.1,62.0,4.9,0.8,3.8,12.5,0.6,0.0,0.0,45.5,3.1,6.0,0.3,0.3,0.0,0.0,0.0,0.0,0.0,26.0,0.0,0.0,0.0,0.6,0.6,0.2,0.0,0.0,0.0,0.0,0.1,0.9,4.9,0.0,0.1,0.0,0.0,0.0,0.2,0.2,0.0,0.0,0.0,0.0,42.4,37.3,22.5,14.8,0.8,0.0,0.0,0.0,0.0,27.8,0.0,0.0,13.7,17.6,51.6,33.4,39.2,36.7,36.3,31.9,13.4,12.5,0.0
namd,63.0,56.9,15.0,15.0,0.0,0.0,0.0,0.0,0.0,0.0,0.0,16.8,0.7,0.8,23.6,0.0,0.0,6.1,6.0,0.1,0.0,0.0,0.0,0.0,0.1,36.2,16.2,0.0,0.0,0.0,0.0,0.0,0.0,0.0,0.0,4.0,0.0,0.0,0.0,0.2,0.0,0.1,20.0,3.1,0.0,4.8,1.5,0.1,46.4,7.1,6.8,0.0,9.0,0.3,0.0,0.0,28.9,1.2,3.1,0.1,0.1,0.0,0.0,0.0,0.0,0.0,30.9,0.0,0.0,0.0,0.2,2.4,0.0,0.0,0.0,0.0,0.0,0.0,0.1,7.0,0.0,0.2,0.0,0.0,0.0,0.2,0.2,0.0,0.0,0.0,0.0,27.7,0.0,0.0,0.0,2.7,0.0,0.0,0.0,0.0,32.2,0.0,0.0,10.2,17.5,60.8,38.8,67.4,14.9,35.7,46.6,18.2,6.2,0.0
namd_r,65.3,63.3,47.7,0.0,47.7,0.0,0.0,0.0,0.0,0.0,0.0,27.5,0.9,0.3,0.0,0.0,0.0,2.0,1.9,0.1,0.0,0.0,0.0,0.0,0.1,13.1,7.1,0.0,0.0,0.0,0.0,0.0,0.0,0.0,0.0,3.6,0.0,0.0,0.0,0.2,0.0,0.2,6.0,1.7,0.0,3.0,0.0,0.1,41.7,9.8,2.8,0.0,8.0,1.1,0.0,0.0,25.8,4.7,7.2,0.3,0.2,0.0,0.0,0.0,0.0,0.0,43.9,0.0,0.0,0.0,0.4,31.1,0.1,0.0,0.0,0.3,0.0,0.1,1.1,2.9,0.2,0.4,0.0,0.0,0.0,0.8,0.8,0.0,0.0,0.0,0.0,21.1,0.0,0.0,0.0,1.0,0.0,0.0,0.0,0.0,12.2,0.0,0.0,2.9,5.5,81.0,56.1,69.4,67.9,54.8,53.1,29.1,12.5,0.0
omnetpp,26.1,23.6,0.0,0.0,0.0,0.0,0.0,0.0,0.0,0.0,0.0,12.2,2.3,2.5,6.5,0.0,0.0,2.5,2.3,0.3,0.0,0.0,0.0,0.0,0.3,8.4,4.0,0.6,0.0,0.6,0.3,0.2,0.1,0.1,0.0,2.1,1.6,0.5,0.0,0.7,0.0,4.8,4.4,1.3,0.5,4.3,0.0,0.4,60.0,2.2,3.2,17.0,13.1,3.3,3.8,0.0,48.5,36.0,4.8,25.3,13.8,11.5,11.5,0.0,0.0,0.9,18.3,0.0,0.2,1.4,1.7,15.0,14.0,0.0,0.0,39.1,0.8,14.3,22.1,22.9,8.8,5.7,0.0,0.1,0.0,21.6,19.5,2.1,2.1,0.0,0.0,12.6,0.3,0.0,0.3,1.1,0.0,0.0,0.0,0.0,16.7,0.1,0.0,11.8,9.6,36.9,16.1,17.9,7.7,33.5,23.6,20.5,6.2,0.0
omnetpp_r,21.5,20.1,0.1,0.0,0.1,0.0,0.0,0.0,0.0,0.0,0.0,10.4,1.9,1.7,6.0,0.2,0.0,1.3,1.3,0.1,0.0,0.0,0.0,0.0,0.1,12.9,6.7,1.1,0.3,0.7,0.4,0.3,0.1,0.1,0.0,3.6,2.2,1.3,0.1,0.3,0.0,5.7,6.1,1.8,0.3,6.0,0.0,0.1,54.0,0.1,4.9,29.1,18.5,4.6,10.6,0.0,36.6,26.0,3.2,27.9,8.8,19.0,19.0,0.0,0.0,0.0,14.7,0.0,0.0,0.1,2.4,2.6,12.8,0.0,0.0,3.5,0.1,16.9,10.1,28.3,1.5,6.5,0.0,0.0,0.0,26.5,24.0,2.5,2.5,0.0,0.0,10.5,0.0,0.0,0.0,0.7,0.0,0.0,0.0,0.0,14.5,0.0,0.0,10.6,9.1,36.3,15.6,13.4,9.6,33.2,23.3,18.0,12.5,0.0
parest_r,40.7,36.6,23.1,0.0,23.1,0.0,0.0,0.0,0.0,0.0,0.0,15.3,5.5,0.7,0.0,0.1,0.0,4.2,4.1,0.1,0.0,0.0,0.0,0.0,0.1,9.1,3.3,0.2,0.0,0.6,0.1,0.1,0.0,0.0,0.0,1.3,1.0,0.3,0.0,0.3,0.0,0.4,5.8,0.2,0.0,3.3,0.1,0.1,48.3,10.5,1.0,10.9,8.0,0.4,2.8,0.0,39.3,17.0,20.2,2.1,1.9,0.2,0.2,0.0,0.0,0.9,33.9,0.0,0.0,0.4,2.4,100.0,2.6,0.0,0.0,54.1,0.2,0.5,18.9,10.0,0.1,0.5,0.0,0.0,0.0,0.9,0.9,0.0,0.0,0.0,0.0,22.3,0.6,0.3,0.3,0.5,0.0,0.0,0.0,0.0,22.5,0.1,0.0,14.6,9.4,45.5,26.3,24.2,20.8,43.6,33.6,4.8,12.5,0.0
perlbench,48.8,45.8,0.0,0.0,0.0,0.0,0.0,0.0,0.0,0.0,0.0,21.8,5.0,4.5,14.6,0.0,0.0,2.9,2.1,0.8,0.0,0.0,0.0,0.0,0.8,32.7,18.0,2.0,1.8,0.2,0.1,0.1,0.0,0.0,0.0,4.2,4.9,0.0,0.0,2.1,0.0,4.0,14.7,4.1,0.2,10.5,0.0,1.0,62.9,1.4,9.7,11.9,14.0,2.4,0.0,0.0,6.7,1.8,1.5,5.2,4.6,0.6,0.6,0.0,0.0,0.1,27.6,0.0,0.0,0.0,0.6,1.4,3.0,0.0,0.0,0.1,0.0,0.0,1.1,3.5,0.1,0.2,0.0,0.0,0.0,8.6,8.4,0.2,0.2,0.0,0.0,4.8,0.0,0.0,0.0,1.9,0.0,0.0,0.0,0.0,11.7,0.1,0.0,5.0,6.2,52.4,28.5,30.0,24.2,46.9,37.8,28.7,0.0,0.0
povray,44.8,39.1,2.8,2.8,0.0,0.0,0.0,0.0,0.0,0.0,0.0,18.4,3.0,3.0,11.9,0.0,0.0,5.7,5.1,0.6,0.0,0.0,0.0,0.0,0.6,43.9,24.2,2.5,2.5,0.0,0.4,0.4,0.0,0.0,0.0,4.7,12.0,0.0,0.0,1.3,0.1,5.3,19.7,9.2,1.8,7.0,0.0,0.7,61.0,0.1,19.7,4.3,10.9,5.3,0.0,0.0,7.1,1.9,1.8,5.5,5.1,0.4,0.4,0.0,0.0,1.2,17.5,0.0,0.0,0.0,0.1,5.2,0.0,0.0,0.0,0.0,0.0,0.0,0.0,7.9,1.1,0.1,0.0,0.0,0.0,8.6,8.4,0.2,0.0,0.0,0.0,5.2,2.3,1.5,0.9,2.8,0.0,0.0,0.0,0.0,9.0,0.0,0.0,3.9,5.4,45.0,24.0,31.1,13.4,37.4,32.4,24.4,6.2,0.0
povray_r,61.9,58.0,13.8,0.0,13.8,0.0,0.0,0.0,0.0,0.0,0.0,30.5,4.0,6.5,3.2,0.2,0.0,4.0,3.9,0.1,0.0,0.0,0.0,0.0,0.1,13.4,5.2,1.3,1.3,0.0,0.1,0.1,0.0,0.0,0.0,1.7,0.9,0.9,0.0,0.4,0.0,6.8,8.1,3.4,0.4,9.8,0.0,0.1,59.1,0.0,5.5,15.9,7.9,1.3,8.0,0.0,8.8,2.2,5.8,18.5,18.2,0.2,0.0,0.0,0.0,1.8,56.0,0.0,0.1,0.0,1.7,32.4,0.0,0.0,0.0,0.0,0.0,0.0,0.0,2.0,0.4,1.0,0.0,0.2,0.0,9.1,9.1,0.0,0.0,0.0,0.0,6.6,7.0,4.4,2.6,0.4,0.0,0.0,0.0,0.0,19.7,0.0,0.0,6.7,9.1,76.5,32.9,37.9,28.3,51.8,51.4,34.1,12.4,0.0
sjeng,25.4,23.4,0.0,0.0,0.0,0.0,0.0,0.0,0.0,0.0,0.0,11.4,3.3,1.5,7.3,0.0,0.0,1.9,1.7,0.2,0.0,0.0,0.0,0.0,0.2,17.7,11.0,8.5,4.5,4.0,0.0,0.0,0.0,0.0,0.0,22.8,7.2,15.5,0.0,1.3,0.0,16.3,6.7,2.7,0.1,3.3,0.0,0.2,27.8,0.1,6.5,54.8,17.4,1.4,37.4,3.7,2.2,1.2,0.0,20.4,18.1,2.3,2.3,0.0,0.0,0.0,9.0,0.0,0.0,0.0,8.2,1.6,0.5,0.0,0.0,0.0,0.0,2.0,1.1,9.5,0.0,0.2,0.0,0.0,0.0,17.7,17.7,0.0,0.0,0.0,0.0,0.9,0.2,0.0,0.2,5.2,0.0,0.0,0.0,0.0,7.2,0.1,0.0,4.5,5.2,100.0,14.6,11.5,10.1,30.6,20.5,15.1,0.0,0.0
soplex,29.4,25.3,0.5,0.5,0.0,0.0,0.0,0.0,0.0,0.0,0.0,10.2,1.3,2.3,11.0,0.0,0.0,4.1,3.8,0.3,0.0,0.0,0.0,0.0,0.3,10.0,4.2,0.4,0.0,0.4,0.1,0.1,0.1,0.0,0.0,3.1,2.7,0.3,0.0,1.7,0.0,0.8,5.8,0.4,0.1,5.5,0.0,0.6,56.3,8.4,0.9,34.7,31.1,2.9,3.7,1.8,25.9,9.9,4.1,8.8,6.5,2.3,2.3,0.0,0.0,0.2,19.4,0.0,0.0,2.4,1.7,25.3,6.8,0.0,0.0,12.5,1.8,1.3,19.5,10.8,3.7,5.9,0.0,0.0,0.0,9.7,9.0,0.7,0.7,0.0,0.0,16.1,3.5,2.1,1.4,1.7,0.0,0.0,0.0,0.0,18.0,0.2,0.0,10.1,12.9,50.2,28.4,33.7,19.2,37.9,29.9,14.0,6.2,0.0
sphinx3,40.2,33.3,9.9,9.9,0.0,0.0,0.0,0.0,0.0,0.0,0.0,13.7,1.3,2.5,6.0,0.0,0.0,6.9,6.6,0.3,0.0,0.0,0.0,0.0,0.3,24.5,4.9,0.3,0.0,0.4,0.1,0.0,0.0,0.0,0.0,1.7,1.1,0.6,0.0,1.3,0.0,1.0,19.6,0.7,0.3,5.9,0.0,0.4,55.0,1.8,3.1,21.7,14.0,1.2,7.7,3.9,13.5,3.9,3.6,2.9,1.9,1.0,1.0,0.0,0.0,0.0,33.8,0.0,0.0,0.3,0.7,59.9,3.8,0.0,0.0,21.0,0.1,0.0,23.3,16.8,0.4,1.1,0.0,0.0,0.0,1.0,0.9,0.1,0.1,0.0,0.0,9.6,0.3,0.1,0.1,1.2,0.0,0.0,0.0,0.0,24.6,0.1,0.0,9.7,16.1,58.0,28.9,43.3,7.9,40.4,36.8,8.2,6.2,0.0
tonto,43.1,37.4,4.2,4.2,0.0,0.0,0.0,0.0,0.0,0.0,0.0,19.0,2.6,1.4,10.3,0.1,0.0,5.7,2.7,3.0,0.0,0.0,0.0,0.0,3.0,25.4,13.8,0.7,0.6,0.1,0.2,0.1,0.0,0.0,0.0,3.7,2.0,1.7,0.0,13.5,0.0,3.9,11.7,6.0,0.8,4.2,0.3,4.7,38.9,3.6,7.1,12.2,6.5,5.1,5.7,4.6,19.3,2.1,3.9,1.3,1.1,0.2,0.2,0.0,0.0,2.5,35.5,0.0,0.0,0.1,0.2,2.0,0.1,0.0,0.0,0.0,0.0,0.0,1.8,4.3,0.3,1.9,0.0,0.0,0.0,3.3,2.9,0.5,0.5,0.0,0.0,17.2,4.3,2.9,1.5,8.1,0.0,0.0,0.0,0.0,20.0,0.8,0.0,11.0,9.5,54.9,27.9,36.9,19.9,33.9,35.4,18.3,6.2,0.0
wrf,55.2,46.6,8.6,8.6,0.0,0.0,0.0,0.0,0.0,0.0,0.0,19.0,2.7,1.1,15.0,0.0,0.0,8.6,6.4,2.2,0.0,0.0,0.0,0.0,2.2,23.8,10.2,0.2,0.0,0.2,0.1,0.1,0.0,0.0,0.0,1.2,0.7,0.5,0.0,9.9,0.0,2.1,13.5,2.6,1.2,2.9,1.0,3.0,31.6,14.3,5.2,7.7,4.3,2.5,3.4,2.8,13.4,2.9,4.4,0.8,0.7,0.1,0.0,0.0,0.0,0.2,38.1,0.0,0.0,0.4,0.2,1.6,0.2,0.0,0.0,0.1,0.1,0.4,4.9,7.6,1.1,1.8,0.0,0.0,0.0,1.6,1.3,0.3,0.3,0.0,0.0,10.4,13.4,6.9,6.5,3.9,0.0,0.0,0.0,0.0,25.9,0.5,0.0,11.7,13.0,62.5,35.3,51.8,21.2,35.7,36.6,18.4,6.2,0.0
x264_r,69.6,69.2,0.0,0.0,0.0,0.0,0.0,0.0,0.0,0.0,0.0,20.9,2.7,0.5,45.1,0.2,0.0,0.4,0.3,0.1,0.0,0.0,0.0,0.0,0.1,12.9,4.1,5.5,3.3,2.1,0.4,0.4,0.1,0.0,0.0,17.4,10.0,7.0,0.4,1.6,0.1,44.5,8.8,9.6,0.2,2.3,0.0,0.1,25.8,2.1,9.8,12.9,7.6,0.0,5.3,0.0,4.6,0.9,23.5,43.9,43.3,0.6,0.0,0.0,0.0,1.1,100.0,0.0,0.1,1.1,2.0,100.0,1.7,0.0,0.0,5.7,0.3,2.2,7.8,13.6,1.1,7.1,0.0,0.0,0.0,1.3,1.3,0.0,0.0,0.0,0.0,3.7,0.2,0.0,0.2,3.2,0.0,0.0,0.0,0.0,100.0,2.7,0.0,30.3,58.6,100.0,52.1,53.0,50.3,61.7,35.6,13.3,0.0,0.0
xalancbmk,39.2,37.4,0.0,0.0,0.0,0.0,0.0,0.0,0.0,0.0,0.0,19.9,4.2,4.6,8.8,0.1,0.0,1.8,1.6,0.2,0.0,0.0,0.0,0.0,0.2,11.2,7.3,1.7,1.0,0.7,0.1,0.1,0.0,0.0,0.0,3.8,1.6,2.2,0.0,0.5,0.1,5.4,3.9,0.6,0.1,6.4,0.0,0.2,64.7,0.6,3.7,32.1,13.3,2.9,18.8,0.0,17.5,11.2,7.2,13.0,8.1,4.9,4.9,0.0,0.0,0.1,33.9,0.0,0.0,0.1,3.8,22.0,3.8,0.0,0.0,12.2,0.1,0.6,16.1,9.3,0.1,6.0,0.0,0.0,0.0,6.5,6.4,0.1,0.1,0.0,0.0,6.2,0.0,0.0,0.0,1.6,0.0,0.0,0.0,0.0,16.6,0.0,0.0,8.9,9.5,60.7,23.6,28.3,13.7,42.9,34.1,24.1,0.0,0.0
xalancbmk_r,32.1,31.5,0.0,0.0,0.0,0.0,0.0,0.0,0.0,0.0,0.0,13.8,7.6,3.7,6.3,0.3,0.0,0.6,0.6,0.1,0.0,0.0,0.0,0.0,0.1,16.7,6.0,1.7,0.7,0.9,0.3,0.2,0.1,0.1,0.0,0.9,0.5,0.4,0.0,0.3,0.1,4.1,10.7,1.6,0.3,11.4,0.2,0.1,51.6,6.4,4.7,11.1,5.7,0.5,5.4,0.0,40.0,24.3,9.7,24.2,21.6,2.7,2.7,0.0,0.0,0.0,25.1,0.0,0.0,0.4,9.1,100.0,9.6,0.0,0.0,56.8,1.6,2.7,28.6,5.4,0.0,1.2,0.0,0.0,0.0,3.3,3.2,0.2,0.2,0.0,0.0,15.7,0.0,0.0,0.0,0.7,0.0,0.0,0.0,0.0,19.7,0.0,0.0,11.1,13.1,40.3,26.7,36.8,14.5,52.2,31.5,5.5,0.0,0.0
zeusmp,32.4,27.0,7.5,7.5,0.0,0.0,0.0,0.0,0.0,0.0,0.0,10.6,0.6,0.7,7.6,0.0,0.0,5.4,5.1,0.2,0.0,0.0,0.0,0.0,0.2,11.5,1.2,0.2,0.0,0.2,0.0,0.0,0.0,0.0,0.0,0.3,0.1,0.3,0.0,1.0,0.0,0.8,10.3,1.7,1.1,0.9,2.0,0.4,30.2,21.0,3.9,6.7,1.1,0.7,5.6,5.6,49.5,15.7,18.5,7.0,6.8,0.3,0.3,0.0,0.0,26.5,21.7,0.0,0.0,0.4,0.6,17.6,0.3,0.0,0.0,0.9,0.2,3.1,4.8,7.5,1.1,2.7,0.0,0.0,0.0,3.8,3.6,0.2,0.2,0.0,0.0,33.7,17.5,11.0,6.4,2.0,0.0,0.0,0.0,0.0,31.0,0.0,0.0,20.7,17.8,34.1,21.8,37.3,8.6,19.2,18.7,11.0,6.2,0.0
